species,Species,Timepoint,dpc,log_dpc,dpc_geomean,dpc_min,dpc_max,gestation_days,prenatal,n_samples,stages
chicken,Chicken,7,10.0,2.3026,10.0,10.0,10.0,21,True,24,e10
chicken,Chicken,9,12.0,2.4849,12.0,12.0,12.0,21,True,24,e12
chicken,Chicken,11,14.0,2.6391,14.0,14.0,14.0,21,True,24,e14
chicken,Chicken,12,19.0,2.9444,18.89,17.0,21.0,21,True,48,"P0,e17"
chicken,Chicken,13,56.0,4.0254,51.85,28.0,91.0,21,False,71,"P35,P7,P70"
chicken,Chicken,14,176.0,5.1705,176.0,176.0,176.0,21,False,24,P155
human,Human,1,28.0,3.3322,28.0,28.0,28.0,280,True,36,4wpc
human,Human,2,35.0,3.5553,35.0,35.0,35.0,280,True,34,5wpc
human,Human,3,42.0,3.7377,42.0,42.0,42.0,280,True,40,6wpc
human,Human,4,49.0,3.8918,49.0,49.0,49.0,280,True,54,7wpc
human,Human,5,56.0,4.0254,56.0,56.0,56.0,280,True,64,8wpc
human,Human,6,70.0,4.2485,70.44,63.0,77.0,280,True,104,"10wpc,11wpc,9wpc"
human,Human,7,84.0,4.4308,84.0,84.0,84.0,280,True,40,12wpc
human,Human,8,91.0,4.5109,91.0,91.0,91.0,280,True,34,13wpc
human,Human,9,112.0,4.7185,112.0,112.0,112.0,280,True,44,16wpc
human,Human,10,129.5,4.8637,129.45,126.0,133.0,280,True,40,"18wpc,19wpc"
human,Human,11,140.0,4.9416,140.0,140.0,140.0,280,True,22,20wpc
human,Human,12,501.0,6.2166,536.58,280.0,1741.0,280,False,76,"infant,newborn,toddler"
human,Human,13,6124.0,8.72,6197.37,2836.75,11968.0,280,False,62,"oldTeenager,school,teenager,youngAdult,youngTeenager"
human,Human,14,15803.12,9.668,16650.27,14524.75,20368.75,280,False,28,"olderMidAge,youngMidAge"
human,Human,15,21464.5,9.9742,21304.43,20368.75,21464.5,280,False,14,senior
macaque,Macaque,10,109.0,4.6913,102.29,93.0,109.0,165,True,30,"e109,e93"
macaque,Macaque,11,123.0,4.8122,123.62,112.0,130.0,165,True,56,"e112,e123,e130"
macaque,Macaque,12,165.0,5.1059,165.75,165.0,189.0,165,False,60,"24 days post birth,P0"
macaque,Macaque,13,318.0,5.7621,329.4,316.0,347.64,165,False,34,P6m
macaque,Macaque,14,1260.75,7.1395,1284.35,530.25,3452.25,165,False,102,"P1y,P3y,P8y,P9y"
macaque,Macaque,15,6556.88,8.7883,6678.81,5278.5,9661.5,165,False,48,"P14-15y,P20-26y,P22-26y"
mouse,Mouse,1,10.5,2.3514,10.5,10.5,10.5,20,True,15,e10.5
mouse,Mouse,2,11.5,2.4423,11.5,11.5,11.5,20,True,20,e11.5
mouse,Mouse,3,12.5,2.5257,12.5,12.5,12.5,20,True,20,e12.5
mouse,Mouse,4,13.5,2.6027,13.5,13.5,13.5,20,True,25,e13.5
mouse,Mouse,5,14.5,2.6741,14.5,14.5,14.5,20,True,22,e14.5
mouse,Mouse,6,15.5,2.7408,15.5,15.5,15.5,20,True,24,e15.5
mouse,Mouse,7,16.5,2.8034,16.5,16.5,16.5,20,True,24,e16.5
mouse,Mouse,8,17.5,2.8622,17.5,17.5,17.5,20,True,24,e17.5
mouse,Mouse,9,18.5,2.9178,18.5,18.5,18.5,20,True,23,e18.5
mouse,Mouse,10,20.0,2.9957,20.0,20.0,20.0,20,False,24,P0
mouse,Mouse,11,23.0,3.1355,23.0,23.0,23.0,20,False,24,P3
mouse,Mouse,12,34.0,3.5264,34.0,34.0,34.0,20,False,23,P14
mouse,Mouse,13,48.0,3.8712,48.0,48.0,48.0,20,False,24,P28
mouse,Mouse,14,83.0,4.4188,83.0,83.0,83.0,20,False,24,P63
opossum,Opossum,1,13.5,2.6027,13.5,13.5,13.5,15,True,9,e13.5
opossum,Opossum,2,15.0,2.7081,15.0,15.0,15.0,15,False,8,P0
opossum,Opossum,3,17.0,2.8332,17.0,17.0,17.0,15,False,18,P2
opossum,Opossum,5,19.0,2.9444,19.0,19.0,19.0,15,False,20,P4
opossum,Opossum,7,21.0,3.0445,21.0,21.0,21.0,15,False,18,P6
opossum,Opossum,8,25.0,3.2189,25.0,25.0,25.0,15,False,19,P10
opossum,Opossum,9,29.0,3.3673,29.0,29.0,29.0,15,False,17,P14
opossum,Opossum,10,36.0,3.5835,36.0,36.0,36.0,15,False,15,P21
opossum,Opossum,11,43.0,3.7612,43.0,43.0,43.0,15,False,15,P28
opossum,Opossum,12,75.0,4.3175,66.78,57.0,75.0,15,False,26,"P42,P60"
opossum,Opossum,13,105.0,4.654,105.0,105.0,105.0,15,False,16,P90
opossum,Opossum,14,135.0,4.9053,135.0,135.0,135.0,15,False,16,P120
opossum,Opossum,15,195.0,5.273,180.66,165.0,195.0,15,False,35,"P150,P180"
rabbit,Rabbit,1,12.0,2.4849,12.0,12.0,12.0,30,True,12,e12
rabbit,Rabbit,2,13.0,2.5649,13.0,13.0,13.0,30,True,15,e13
rabbit,Rabbit,3,15.5,2.7408,14.9,14.0,15.5,30,True,39,"e14,e15.5"
rabbit,Rabbit,4,16.5,2.8034,16.5,16.5,16.5,30,True,24,e16.5
rabbit,Rabbit,5,18.0,2.8904,18.0,18.0,18.0,30,True,24,e18
rabbit,Rabbit,6,19.5,2.9704,19.5,19.5,19.5,30,True,24,e19.5
rabbit,Rabbit,7,21.0,3.0445,21.0,21.0,21.0,30,True,23,e21
rabbit,Rabbit,8,23.0,3.1355,23.0,23.0,23.0,30,True,24,e23
rabbit,Rabbit,9,24.0,3.1781,24.0,24.0,24.0,30,True,20,e24
rabbit,Rabbit,10,27.0,3.2958,27.0,27.0,27.0,30,True,23,e27
rabbit,Rabbit,11,30.0,3.4012,30.0,30.0,30.0,30,False,24,P0
rabbit,Rabbit,12,44.0,3.7842,44.0,44.0,44.0,30,False,21,P14
rabbit,Rabbit,13,114.0,4.7362,114.0,114.0,114.0,30,False,19,P84
rabbit,Rabbit,15,212.64,5.3596,240.55,212.64,395.25,30,False,23,P186-P548
rat,Rat,1,11.0,2.3979,11.0,11.0,11.0,21,True,8,e11
rat,Rat,2,12.0,2.4849,12.0,12.0,12.0,21,True,16,e12
rat,Rat,3,14.0,2.6391,13.53,13.0,14.0,21,True,35,"e13,e14"
rat,Rat,4,15.0,2.7081,15.0,15.0,15.0,21,True,23,e15
rat,Rat,5,16.0,2.7726,16.0,16.0,16.0,21,True,24,e16
rat,Rat,6,17.0,2.8332,17.0,17.0,17.0,21,True,28,e17
rat,Rat,7,18.0,2.8904,18.0,18.0,18.0,21,True,24,e18
rat,Rat,8,19.0,2.9444,19.0,19.0,19.0,21,True,24,e19
rat,Rat,9,20.0,2.9957,20.0,20.0,20.0,21,True,24,e20
rat,Rat,10,21.0,3.0445,21.0,21.0,21.0,21,False,25,P0
rat,Rat,11,24.0,3.1781,24.0,24.0,24.0,21,False,24,P3
rat,Rat,12,35.0,3.5553,31.38,28.0,35.0,21,False,47,"P14,P7"
rat,Rat,13,63.0,4.1431,63.0,63.0,63.0,21,False,24,P42
rat,Rat,14,133.0,4.8903,133.0,133.0,133.0,21,False,24,P112
